weatherid,year,month,day,holiday,Time,temperature,apparentTemperature,humidity,pressure,windSpeed,visibility,icon,dewPoint,cloudCover,city
1,2019,9,9,0,00:00:00,77.35,77.35,0.54,1019.04,0.79,9.976,5,59.48,0.6,1
2,2019,9,9,0,01:00:00,74.01,74.13,0.64,1019.44,1.05,9.723,5,61.25,0.43,1
3,2019,9,9,0,02:00:00,71.46,71.64,0.71,1019.68,0.81,9.61,5,61.52,0.53,1
4,2019,9,9,0,03:00:00,69.56,69.8,0.76,1019.66,0.25,9.657,5,61.69,0.46,1
5,2019,9,9,0,04:00:00,67.72,67.92,0.8,1019.8,0.69,9.954,5,61.15,0.5,1
6,2019,9,9,0,05:00:00,67.61,67.88,0.81,1020.23,0.31,10,5,61.52,0.67,1
7,2019,9,9,0,06:00:00,68.12,68.41,0.8,1020.25,0.34,10,5,61.82,0.75,1
8,2019,9,9,0,07:00:00,68.32,68.64,0.8,1020.16,0.67,10,3,62.07,0.88,1
9,2019,9,9,0,08:00:00,66.98,67.27,0.83,1020.28,0.27,10,5,61.61,0.71,1
10,2019,9,9,0,09:00:00,66.63,66.92,0.83,1020.44,0.38,10,3,61.47,0.88,1
11,2019,9,9,0,10:00:00,66.55,66.91,0.85,1021.09,0.15,10,3,61.99,1,1
12,2019,9,9,0,11:00:00,67.92,68.19,0.8,1021.63,0.95,10,3,61.6,1,1
13,2019,9,9,0,12:00:00,68.6,68.87,0.79,1022.52,0.23,9.893,3,61.77,1,1
14,2019,9,9,0,13:00:00,70.95,71.31,0.76,1022.81,0.99,9.831,3,62.91,1,1
15,2019,9,9,0,14:00:00,73.94,74.33,0.7,1023.21,0.68,9.511,4,63.62,0.81,1
16,2019,9,9,0,15:00:00,76.34,76.68,0.64,1023.36,1.49,9.549,4,63.22,0.63,1
17,2019,9,9,0,16:00:00,78.75,79,0.57,1023.01,2.13,9.914,4,62.21,0.68,1
18,2019,9,9,0,17:00:00,81.77,82.01,0.46,1022.92,3.75,7.27,4,59.13,0.63,1
19,2019,9,9,0,18:00:00,83.21,83.21,0.44,1022.59,3.89,7.287,4,59.18,0.61,1
20,2019,9,9,0,19:00:00,83.64,83.64,0.44,1022.22,3.76,7.088,4,59.2,0.61,1
21,2019,9,9,0,20:00:00,83.89,83.89,0.41,1022.27,2.77,6.616,4,57.78,0.77,1
22,2019,9,9,0,21:00:00,84.03,84.03,0.41,1022.05,3.54,6.618,3,57.96,1,1
23,2019,9,9,0,22:00:00,82.93,82.93,0.44,1022.24,3.87,7.357,3,58.82,0.94,1
24,2019,9,9,0,23:00:00,81.64,81.84,0.46,1022.36,3.72,6.509,4,58.78,0.57,1
25,2019,9,10,0,00:00:00,78.78,78.78,0.51,1022.8,2.56,6.938,5,59.1,0.36,1
26,2019,9,10,0,01:00:00,75.64,75.64,0.56,1023.6,1.25,6.619,5,58.65,0.28,1
27,2019,9,10,0,02:00:00,74.63,74.63,0.57,1024.33,0.71,7.029,5,58.55,0.26,1
28,2019,9,10,0,03:00:00,73.04,73.04,0.61,1024.39,1.19,7.298,2,58.63,0.11,1
29,2019,9,10,0,04:00:00,71.75,71.81,0.68,1024.49,1.72,7.096,2,60.51,0.08,1
30,2019,9,10,0,05:00:00,70.5,70.71,0.74,1024.57,1.27,6.241,2,61.69,0,1
31,2019,9,10,0,06:00:00,69.5,69.98,0.82,1024.89,0.47,4.794,2,63.64,0,1
32,2019,9,10,0,07:00:00,67.88,68.38,0.85,1025.08,0.22,4.754,2,63.29,0.08,1
33,2019,9,10,0,08:00:00,68.01,68.55,0.86,1025.1,0.52,4.911,2,63.65,0.07,1
34,2019,9,10,0,09:00:00,67.75,68.25,0.86,1025.97,1.04,4.079,5,63.3,0.19,1
35,2019,9,10,0,10:00:00,67.77,68.32,0.87,1026.07,1.47,4.14,5,63.66,0.38,1
36,2019,9,10,0,11:00:00,67.53,68.16,0.89,1026.87,1.52,3.972,4,64.15,0.34,1
37,2019,9,10,0,12:00:00,70.37,71.15,0.86,1026.92,1.28,5.611,4,66.04,0.72,1
38,2019,9,10,0,13:00:00,73.64,74.54,0.81,1027.31,2.27,5.661,4,67.6,0.58,1
39,2019,9,10,0,14:00:00,76.26,77.05,0.74,1027.61,3.55,5.783,4,67.23,0.43,1
40,2019,9,10,0,15:00:00,79.32,79.82,0.61,1027.26,4.71,7.102,4,64.69,0.63,1
41,2019,9,10,0,16:00:00,82.21,83.49,0.53,1027.01,5.23,7.308,4,63.45,0.46,1
42,2019,9,10,0,17:00:00,84.17,84.43,0.46,1026.43,5.47,5.731,4,60.86,0.61,1
43,2019,9,10,0,18:00:00,85.59,85.6,0.43,1025.87,6.71,7.267,4,60.55,0.45,1
44,2019,9,10,0,19:00:00,86.56,86.56,0.4,1025.31,6.66,6.825,4,59.65,0.5,1
45,2019,9,10,0,20:00:00,86.86,86.88,0.42,1025.14,5.95,7.11,4,60.86,0.61,1
46,2019,9,10,0,21:00:00,86.39,86.72,0.44,1024.87,6.73,7.114,4,61.63,0.45,1
47,2019,9,10,0,22:00:00,85.25,86.04,0.47,1024.64,5.37,7.199,4,62.65,0.33,1
48,2019,9,10,0,23:00:00,83.19,84.48,0.52,1024.6,4.94,6.695,1,63.68,0.03,1
49,2019,9,11,0,00:00:00,80.21,81.85,0.58,1024.61,4.37,6.441,2,64.15,0.02,1
50,2019,9,11,0,01:00:00,77.29,77.82,0.66,1024.74,5.3,7.12,2,65.06,0.02,1
51,2019,9,11,0,02:00:00,75.68,76.29,0.71,1024.81,4.41,7.04,2,65.6,0.02,1
52,2019,9,11,0,03:00:00,74.07,74.77,0.77,1024.8,4.28,6.269,2,66.26,0.06,1
53,2019,9,11,0,04:00:00,73.05,73.79,0.8,1025.09,4.13,6.226,2,66.36,0.06,1
54,2019,9,11,0,05:00:00,72.31,73.14,0.83,1025.21,3.28,6.008,2,66.84,0.01,1
55,2019,9,11,0,06:00:00,70.92,71.76,0.86,1025.14,3.19,6.236,2,66.55,0.02,1
56,2019,9,11,0,07:00:00,70.12,71.09,0.91,1024.66,2.54,5.157,2,67.27,0.02,1
57,2019,9,11,0,08:00:00,69.79,70.82,0.93,1024.19,3.44,10,5,67.54,0.31,1
58,2019,9,11,0,09:00:00,69.66,70.77,0.95,1023.87,3.76,5.619,5,68.06,0.52,1
59,2019,9,11,0,10:00:00,69.86,70.96,0.94,1023.76,3.48,6.436,5,68.08,0.53,1
60,2019,9,11,0,11:00:00,69.62,70.75,0.95,1023.87,3.17,6.082,4,68.12,0.34,1
61,2019,9,11,0,12:00:00,70.98,72.13,0.93,1024.15,2.94,5.676,4,68.73,0.58,1
62,2019,9,11,0,13:00:00,73.89,74.98,0.85,1024.18,4.02,4.311,4,69.16,0.73,1
63,2019,9,11,0,14:00:00,77.34,78.43,0.78,1024.02,4.66,5.513,4,69.84,0.49,1
64,2019,9,11,0,15:00:00,81.61,85.62,0.69,1023.39,4,10,4,70.66,0.42,1
65,2019,9,11,0,16:00:00,82.49,89.57,0.78,1022.85,4.61,10,4,75.11,0.36,1
66,2019,9,11,0,17:00:00,88.66,93.99,0.54,1021.76,4.26,7.396,1,70.11,0,1
67,2019,9,11,0,18:00:00,91.77,97.41,0.49,1020.53,4.13,6.829,1,69.74,0.02,1
68,2019,9,11,0,19:00:00,93.27,98.44,0.45,1019.49,4.09,6.053,1,68.82,0.08,1
69,2019,9,11,0,20:00:00,94.28,99.23,0.43,1018.44,5,7.028,4,68.31,0.14,1
70,2019,9,11,0,21:00:00,91.82,95.4,0.44,1018.35,4.44,8.458,4,67.09,0.26,1
71,2019,9,11,0,22:00:00,83.39,88.25,0.67,1018.56,4.72,8.937,6,71.15,0.43,1
72,2019,9,11,0,23:00:00,81.75,86.07,0.7,1018.52,3.45,7.65,4,71.2,0.16,1
73,2019,9,12,0,00:00:00,80.21,83.79,0.74,1018.66,2.57,7.697,5,71.05,0.16,1
74,2019,9,12,0,01:00:00,78.42,79.59,0.77,1018.94,2.67,6.935,5,70.76,0.34,1
75,2019,9,12,0,02:00:00,77.5,78.64,0.79,1019.09,2.16,7.476,2,70.35,0.01,1
76,2019,9,12,0,03:00:00,75.88,77,0.82,1019.03,2.28,7.12,5,69.89,0.15,1
77,2019,9,12,0,04:00:00,75.36,76.51,0.83,1018.64,1.68,6.35,2,69.94,0.07,1
78,2019,9,12,0,05:00:00,74.97,76.15,0.85,1018.35,1.76,5.906,5,70.08,0.13,1
79,2019,9,12,0,06:00:00,74.66,75.8,0.85,1018.11,2.83,5.765,5,69.75,0.3,1
80,2019,9,12,0,07:00:00,74.36,75.43,0.84,1017.51,2.33,5.676,5,69.09,0.24,1
81,2019,9,12,0,08:00:00,74.34,75.44,0.84,1017.41,2.12,5.756,2,69.26,0.1,1
82,2019,9,12,0,09:00:00,73.87,74.89,0.84,1017.78,2.24,5.991,2,68.67,0.12,1
83,2019,9,12,0,10:00:00,74.01,75.03,0.83,1018.3,2.08,5.997,5,68.63,0.16,1
84,2019,9,12,0,11:00:00,73.89,74.92,0.84,1018.87,0.63,5.616,1,68.69,0.03,1
85,2019,9,12,0,12:00:00,76.31,77.32,0.78,1019.24,2.21,6.431,1,69.1,0.07,1
86,2019,9,12,0,13:00:00,80.48,83.55,0.69,1019.1,2.61,6.784,1,69.22,0.08,1
87,2019,9,12,0,14:00:00,85.58,90.03,0.59,1019.3,4.68,7.331,4,69.71,0.13,1
88,2019,9,12,0,15:00:00,88.85,93.26,0.52,1019.15,7.4,7.205,1,68.87,0.12,1
89,2019,9,12,0,16:00:00,90.98,94.91,0.47,1018.74,8.54,6.874,1,67.77,0.06,1
90,2019,9,12,0,17:00:00,92.71,96.64,0.44,1018.17,8.3,10,1,67.39,0.09,1
91,2019,9,12,0,18:00:00,94.88,98.62,0.4,1018.07,7.06,7.596,4,66.6,0.36,1
92,2019,9,12,0,19:00:00,95.17,98.1,0.38,1017.49,7.28,7.416,4,65.37,0.44,1
93,2019,9,12,0,20:00:00,95.82,97.88,0.35,1017.21,5.84,6.876,4,63.82,0.44,1
94,2019,9,12,0,21:00:00,94.29,96.16,0.37,1017,5.29,6.15,4,63.91,0.6,1
95,2019,9,12,0,22:00:00,88.01,91.12,0.5,1017.49,6.52,5.046,4,67.14,0.74,1
96,2019,9,12,0,23:00:00,86.58,90.51,0.55,1018.05,2.15,5.812,4,68.69,0.27,1
97,2019,9,13,0,00:00:00,85.23,89.63,0.6,1018.37,1.39,5.858,5,69.72,0.74,1
98,2019,9,13,0,01:00:00,83.92,87.87,0.62,1019.43,3.71,6.677,3,69.4,0.95,1
99,2019,9,13,0,02:00:00,80.4,83.62,0.7,1020.41,5.97,7.217,5,69.75,0.76,1
100,2019,9,13,0,03:00:00,77.92,79,0.76,1021.33,5.62,6.144,5,69.84,0.69,1
101,2019,9,13,0,04:00:00,76.63,77.76,0.8,1021.98,6.55,6.853,3,70.07,0.91,1
102,2019,9,13,0,05:00:00,75.22,76.27,0.82,1022.51,6.55,6.694,3,69.18,1,1
103,2019,9,13,0,06:00:00,73.66,74.66,0.84,1022.76,6.79,6.823,3,68.37,1,1
104,2019,9,13,0,07:00:00,72.1,73.11,0.87,1023.46,6.32,5.216,3,68.09,1,1
105,2019,9,13,0,08:00:00,70.44,71.47,0.91,1023.98,5.98,4.112,3,67.77,1,1
106,2019,9,13,0,09:00:00,69.02,69.94,0.92,1024.52,7.09,5.315,3,66.55,1,1
107,2019,9,13,0,10:00:00,68.62,69.41,0.9,1025.28,5.64,4.89,3,65.56,1,1
108,2019,9,13,0,11:00:00,68.01,68.74,0.9,1025.98,6.07,4.525,3,65,1,1
109,2019,9,13,0,12:00:00,67.34,67.93,0.88,1026.88,6.67,6.781,3,63.78,1,1
110,2019,9,13,0,13:00:00,67.77,68.1,0.82,1027.58,6.41,6.592,3,62.04,1,1
111,2019,9,13,0,14:00:00,68.17,68.35,0.78,1028.15,6.56,7.181,3,61.05,1,1
112,2019,9,13,0,15:00:00,69.14,69.25,0.74,1028.55,6.72,7.243,3,60.63,1,1
113,2019,9,13,0,16:00:00,69.44,69.5,0.73,1028.74,7.31,6.846,3,60.3,1,1
114,2019,9,13,0,17:00:00,70.2,70.28,0.71,1028.9,6.62,6.519,3,60.52,1,1
115,2019,9,13,0,18:00:00,70.65,70.73,0.7,1029,6.15,6.942,3,60.55,1,1
116,2019,9,13,0,19:00:00,71.12,71.12,0.68,1028.57,7.38,6.725,3,59.92,1,1
117,2019,9,13,0,20:00:00,71.71,71.71,0.65,1028.44,6.69,7.28,3,59.17,1,1
118,2019,9,13,0,21:00:00,71.11,71.11,0.65,1028.46,6.15,7.128,3,58.69,1,1
119,2019,9,13,0,22:00:00,71.06,71.06,0.65,1028.55,5.48,6.91,3,58.71,0.95,1
120,2019,9,13,0,23:00:00,70.81,70.81,0.66,1028.19,4.48,6.868,3,59.01,1,1
121,2019,9,14,1,00:00:00,70.28,70.28,0.69,1028.44,4.54,6.434,3,59.49,1,1
122,2019,9,14,1,01:00:00,70.16,70.19,0.71,1028.89,4.95,6.889,3,60.16,1,1
123,2019,9,14,1,02:00:00,69.82,69.87,0.72,1028.69,4.49,6.376,3,60.23,1,1
124,2019,9,14,1,03:00:00,69.03,69.03,0.72,1028.39,4.38,6.401,3,59.71,1,1
125,2019,9,14,1,04:00:00,68.7,68.7,0.72,1028.26,3.63,5.739,3,59.35,0.99,1
126,2019,9,14,1,05:00:00,67.53,67.53,0.75,1027.82,3.56,5.492,5,59.41,0.8,1
127,2019,9,14,1,06:00:00,66.98,66.98,0.76,1027.36,3.22,5.765,3,59.34,0.91,1
128,2019,9,14,1,07:00:00,66.26,66.28,0.79,1026.47,3.43,5.313,5,59.41,0.54,1
129,2019,9,14,1,08:00:00,65.96,66.02,0.8,1026.29,1.51,4.71,5,59.63,0.74,1
130,2019,9,14,1,09:00:00,65.86,65.97,0.81,1026.18,2.87,4.796,3,59.94,0.97,1
131,2019,9,14,1,10:00:00,66.05,66.26,0.83,1025.98,2.94,6.54,3,60.74,0.99,1
132,2019,9,14,1,11:00:00,66.68,66.91,0.82,1026.07,2.2,6.352,3,61.09,1,1
133,2019,9,14,1,12:00:00,67.43,67.77,0.83,1026.29,2.29,6.521,3,62.03,1,1
134,2019,9,14,1,13:00:00,68.82,69.22,0.81,1026.21,3.04,6.382,3,62.87,1,1
135,2019,9,14,1,14:00:00,70.77,71.26,0.79,1026.31,4.61,5.977,3,63.92,1,1
136,2019,9,14,1,15:00:00,72.76,73.29,0.76,1025.98,4.9,6.631,3,64.61,1,1
137,2019,9,14,1,16:00:00,75.58,76.15,0.7,1025.33,5.85,6.19,3,65.28,1,1
138,2019,9,14,1,17:00:00,77.75,78.32,0.66,1024.58,6.4,6.094,3,65.42,1,1
139,2019,9,14,1,18:00:00,78.56,79.15,0.64,1023.82,6.02,6.42,3,65.59,1,1
140,2019,9,14,1,19:00:00,79.07,79.7,0.64,1022.9,6.84,6.212,3,65.99,1,1
141,2019,9,14,1,20:00:00,79.34,81.51,0.65,1022.52,6.09,6.379,3,66.7,1,1
142,2019,9,14,1,21:00:00,79.96,82.22,0.64,1021.84,6.95,6.604,3,66.78,0.96,1
143,2019,9,14,1,22:00:00,79.87,82.21,0.65,1022.02,6.31,6.589,3,67.15,1,1
144,2019,9,14,1,23:00:00,78.97,79.76,0.68,1021.37,4.36,6.564,3,67.51,1,1
145,2019,9,15,1,00:00:00,77.98,78.85,0.72,1022.06,2.04,6.968,3,68.14,1,1
146,2019,9,15,1,01:00:00,77.47,78.41,0.74,1022.13,2.5,6.921,3,68.72,1,1
147,2019,9,15,1,02:00:00,77.16,78.13,0.76,1022.46,2.7,6.952,3,68.85,1,1
148,2019,9,15,1,03:00:00,76.98,77.98,0.77,1021.98,2.77,6.769,3,69.07,0.96,1
149,2019,9,15,1,04:00:00,75.65,76.72,0.81,1021.32,1.29,7.084,5,69.42,0.65,1
150,2019,9,15,1,05:00:00,74.57,75.65,0.84,1021.2,1.72,7.148,5,69.24,0.77,1
151,2019,9,15,1,06:00:00,75.35,76.53,0.84,1021.52,2.4,6.66,3,70.18,0.94,1
152,2019,9,15,1,07:00:00,75.23,76.47,0.85,1021.33,1.72,6.999,3,70.55,0.94,1
153,2019,9,15,1,08:00:00,74.85,76.1,0.87,1021.22,0.76,6.88,3,70.57,1,1
154,2019,9,15,1,09:00:00,74.04,75.31,0.89,1021.41,1.61,6.969,3,70.44,1,1
155,2019,9,15,1,10:00:00,73.62,74.84,0.89,1021.81,2.69,6.338,3,70.02,0.9,1
156,2019,9,15,1,11:00:00,72.72,73.9,0.9,1021.67,2.69,5.881,4,69.5,0.67,1
157,2019,9,15,1,12:00:00,72.5,73.63,0.89,1022.04,3.54,6.37,4,69.04,0.47,1
158,2019,9,15,1,13:00:00,75.93,76.48,0.69,1022.18,4.65,6.749,1,65.12,0.09,1
159,2019,9,15,1,14:00:00,78.39,78.6,0.57,1022.6,5.72,7.155,4,61.8,0.27,1
160,2019,9,15,1,15:00:00,80.11,81,0.51,1022.72,5.29,6.904,4,60.37,0.3,1
161,2019,9,15,1,16:00:00,81.23,81.44,0.46,1022.29,5.71,6.395,1,58.27,0.02,1
162,2019,9,15,1,17:00:00,83.03,83.03,0.41,1021.6,4.09,6.927,1,57.2,0,1
163,2019,9,15,1,18:00:00,85.04,85.04,0.36,1021.05,4.84,6.206,1,55.15,0,1
164,2019,9,15,1,19:00:00,86.51,86.51,0.32,1020.41,4.97,7.316,1,53.57,0,1
165,2019,9,15,1,20:00:00,87.28,87.28,0.3,1019.8,4.68,9.881,1,52.18,0,1
166,2019,9,15,1,21:00:00,87.05,87.05,0.33,1019.53,4.12,10,1,54.15,0,1
167,2019,9,15,1,22:00:00,85.77,85.77,0.37,1019.75,3.69,10,1,56.16,0,1
168,2019,9,15,1,23:00:00,82.48,82.48,0.42,1019.81,3.32,10,1,57.4,0,1
169,2019,9,16,0,00:00:00,78.81,78.81,0.5,1019.87,3.22,10,2,58.76,0,1
170,2019,9,16,0,01:00:00,75.93,75.93,0.58,1020.01,2.97,10,2,59.95,0,1
171,2019,9,16,0,02:00:00,73.82,73.93,0.65,1020.27,2.39,10,2,61.11,0,1
172,2019,9,16,0,03:00:00,72.34,72.6,0.71,1020.2,2.15,10,2,62.26,0,1
173,2019,9,16,0,04:00:00,71.21,71.57,0.75,1019.87,1.8,10,2,62.98,0,1
174,2019,9,16,0,05:00:00,70.44,70.86,0.78,1019.75,1.69,10,2,63.3,0,1
175,2019,9,16,0,06:00:00,69.68,70.13,0.81,1019.23,1.61,10,2,63.44,0,1
176,2019,9,16,0,07:00:00,68.71,69.19,0.83,1019.06,1.9,10,2,63.41,0.03,1
177,2019,9,16,0,08:00:00,67.63,68.09,0.85,1019.74,2.31,10,2,62.99,0.08,1
178,2019,9,16,0,09:00:00,66.73,67,0.83,1019.81,2.5,10,5,61.36,0.14,1
179,2019,9,16,0,10:00:00,65.45,65.73,0.86,1019.79,2.44,10,5,61.1,0.16,1
180,2019,9,16,0,11:00:00,64.69,65.02,0.89,1019.76,2.25,10,4,61.22,0.17,1
181,2019,9,16,0,12:00:00,65.56,65.94,0.88,1019.69,2.25,10,4,61.82,0.16,1
182,2019,9,16,0,13:00:00,69.67,70.07,0.79,1019.6,2.61,10,4,62.98,0.16,1
183,2019,9,16,0,14:00:00,75.8,76.3,0.68,1019.29,3.16,10,4,64.64,0.14,1
184,2019,9,16,0,15:00:00,80.67,82.73,0.61,1018.55,3.83,10,4,65.85,0.13,1
185,2019,9,16,0,16:00:00,83.23,85.4,0.56,1017.89,4.63,10,1,65.96,0.11,1
186,2019,9,16,0,17:00:00,85.3,87.24,0.51,1017.63,5.51,10,1,65.35,0.09,1
187,2019,9,16,0,18:00:00,86.93,88.63,0.48,1016.93,6.16,10,1,64.78,0.07,1
188,2019,9,16,0,19:00:00,88.01,89.67,0.46,1016.04,6.48,10,1,64.61,0.06,1
189,2019,9,16,0,20:00:00,88.2,89.68,0.45,1014.96,6.6,10,1,64.25,0.07,1
190,2019,9,16,0,21:00:00,88.55,89.87,0.44,1014.73,6.51,10,1,63.89,0.08,1
191,2019,9,16,0,22:00:00,87.34,88.67,0.46,1014.52,6.03,10,1,64,0.12,1
192,2019,9,16,0,23:00:00,84.81,86.35,0.51,1014.62,5.33,10,4,64.48,0.17,1
193,2019,9,9,0,00:00:00,82.68,89.21,0.76,1016.47,1.06,10,6,74.16,0.44,2
194,2019,9,9,0,01:00:00,79.37,83.37,0.84,1016.58,1.42,8.522,6,74.27,0.44,2
195,2019,9,9,0,02:00:00,77.95,79.56,0.88,1016.94,1.37,8.288,6,73.99,0.19,2
196,2019,9,9,0,03:00:00,77.01,78.6,0.89,1017.42,1.61,8.209,2,73.6,0,2
197,2019,9,9,0,04:00:00,76.64,78.22,0.9,1017.52,1.35,8.181,6,73.37,0.19,2
198,2019,9,9,0,05:00:00,75.96,77.48,0.9,1017.53,1.41,7.949,6,72.79,0.19,2
199,2019,9,9,0,06:00:00,74.49,76.03,0.93,1017.45,1.45,6.807,2,72.47,0,2
200,2019,9,9,0,07:00:00,73.99,75.43,0.92,1017.4,0.65,7.248,2,71.65,0,2
201,2019,9,9,0,08:00:00,73.56,74.98,0.93,1017.56,0.63,7.647,6,71.36,0.19,2
202,2019,9,9,0,09:00:00,73.44,74.9,0.94,1017.93,0.94,6.085,6,71.56,0.75,2
203,2019,9,9,0,10:00:00,73.89,75.38,0.94,1018.39,1.45,5.978,6,71.97,0.75,2
204,2019,9,9,0,11:00:00,74.08,75.62,0.94,1019.1,1.71,5.637,3,72.34,1,2
205,2019,9,9,0,12:00:00,74.21,75.78,0.95,1020.02,2.09,5.676,3,72.61,1,2
206,2019,9,9,0,13:00:00,75.04,76.65,0.94,1020.77,2.45,6.326,3,73.08,1,2
207,2019,9,9,0,14:00:00,76.21,77.83,0.91,1021.4,2.98,6.792,3,73.5,1,2
208,2019,9,9,0,15:00:00,78,79.56,0.86,1021.4,2.87,8.304,3,73.61,1,2
209,2019,9,9,0,16:00:00,80.36,85.18,0.81,1022.03,3.21,10,3,74.06,1,2
210,2019,9,9,0,17:00:00,81.84,88.03,0.78,1021.78,4.35,9.764,3,74.49,1,2
211,2019,9,9,0,18:00:00,82.68,88.96,0.75,1020.98,3.24,10,5,73.81,0.75,2
212,2019,9,9,0,19:00:00,84.38,91.61,0.71,1020.57,3.34,9.993,5,73.91,0.75,2
213,2019,9,9,0,20:00:00,85.44,92.75,0.68,1020.14,4.62,10,5,73.47,0.75,2
214,2019,9,9,0,21:00:00,85.83,92.77,0.65,1019.75,4.25,10,5,72.87,0.44,2
215,2019,9,9,0,22:00:00,85.19,91.64,0.66,1019.95,2.81,9.641,5,72.55,0.44,2
216,2019,9,9,0,23:00:00,83.83,89.89,0.69,1020.54,2.47,9.376,1,72.69,0,2
217,2019,9,10,0,00:00:00,81.04,86.1,0.78,1021.77,0.3,9.469,2,73.45,0,2
218,2019,9,10,0,01:00:00,78.44,79.93,0.84,1022.26,0.83,6.298,2,73.18,0,2
219,2019,9,10,0,02:00:00,76.56,77.96,0.86,1022.7,1.76,7.913,2,72.1,0,2
220,2019,9,10,0,03:00:00,75.22,76.54,0.87,1022.56,2.02,10,2,71.2,0,2
221,2019,9,10,0,04:00:00,73.93,75.23,0.89,1022.3,1.22,7.732,2,70.63,0,2
222,2019,9,10,0,05:00:00,73.3,74.59,0.9,1022.29,2.19,10,2,70.34,0,2
223,2019,9,10,0,06:00:00,71.59,72.81,0.93,1023.23,2.72,10,6,69.37,0.44,2
224,2019,9,10,0,07:00:00,71.06,72.17,0.92,1023.18,2.38,9.793,6,68.52,0.44,2
225,2019,9,10,0,08:00:00,71.38,72.6,0.93,1023.5,2.11,7.618,6,69.32,0.75,2
226,2019,9,10,0,09:00:00,71.06,72.31,0.94,1023.63,1.14,9.004,3,69.39,1,2
227,2019,9,10,0,10:00:00,70.76,72,0.95,1024.61,1.05,9.139,3,69.28,1,2
228,2019,9,10,0,11:00:00,70.87,72.1,0.95,1025.04,0.57,6.594,3,69.22,1,2
229,2019,9,10,0,12:00:00,71.75,73,0.93,1025.76,0.94,9.046,3,69.62,1,2
230,2019,9,10,0,13:00:00,74.32,75.6,0.88,1025.87,1.52,10,5,70.63,0.75,2
231,2019,9,10,0,14:00:00,78.45,79.76,0.8,1026.31,2.89,10,5,71.85,0.44,2
232,2019,9,10,0,15:00:00,81.7,85.92,0.7,1026.04,1.81,10,5,71.06,0.19,2
233,2019,9,10,0,16:00:00,84.47,89.12,0.63,1025.85,4.57,10,5,70.35,0.19,2
234,2019,9,10,0,17:00:00,85.72,89.76,0.58,1025.6,3.34,10,5,69.04,0.44,2
235,2019,9,10,0,18:00:00,85.65,89.09,0.56,1025.15,4.01,10,5,68.08,0.44,2
236,2019,9,10,0,19:00:00,87.88,91.99,0.53,1024.54,3.73,10,5,68.67,0.75,2
237,2019,9,10,0,20:00:00,88.25,92.16,0.52,1024.01,3.67,10,5,68.31,0.44,2
238,2019,9,10,0,21:00:00,88.04,92.05,0.53,1023.8,3.32,10,5,68.5,0.44,2
239,2019,9,10,0,22:00:00,87.1,90.84,0.54,1023.56,3.14,10,5,68.28,0.75,2
240,2019,9,10,0,23:00:00,84.29,88.2,0.61,1023.69,4.32,10,5,69.23,0.19,2
241,2019,9,11,0,00:00:00,81.56,85.21,0.68,1023.63,2.85,10,2,69.93,0,2
242,2019,9,11,0,01:00:00,79.26,82.18,0.74,1023.88,3.2,10,6,70.35,0.19,2
243,2019,9,11,0,02:00:00,77.21,78.35,0.79,1024.4,1.27,10,6,70.22,0.13,2
244,2019,9,11,0,03:00:00,75.61,76.78,0.83,1024.97,1.58,10,2,70.15,0,2
245,2019,9,11,0,04:00:00,74.97,76.16,0.85,1025.25,1.26,10,2,70.14,0,2
246,2019,9,11,0,05:00:00,73.48,74.67,0.88,1025.31,1.4,10,2,69.73,0,2
247,2019,9,11,0,06:00:00,72.23,73.43,0.91,1025.25,1.74,9.979,2,69.47,0,2
248,2019,9,11,0,07:00:00,71.81,72.99,0.92,1024.65,1.76,8.377,6,69.21,0.19,2
249,2019,9,11,0,08:00:00,71.11,72.32,0.94,1024.4,1.21,10,6,69.17,0.38,2
250,2019,9,11,0,09:00:00,70.56,71.7,0.93,1024.01,0.97,6.035,6,68.54,0.43,2
251,2019,9,11,0,10:00:00,70.88,72.12,0.95,1023.93,1.79,0.566,4,69.26,0.44,2
252,2019,9,11,0,11:00:00,70.37,71.6,0.95,1024.55,2.5,0.587,4,69.02,1,2
253,2019,9,11,0,12:00:00,70.33,71.59,0.96,1025.32,1.24,1.097,4,69.2,1,2
254,2019,9,11,0,13:00:00,72.65,74.03,0.94,1025.82,1.89,5.414,3,70.83,1,2
255,2019,9,11,0,14:00:00,78.61,79.98,0.81,1025.59,3.23,10,5,72.29,0.26,2
256,2019,9,11,0,15:00:00,81.62,87,0.76,1025.28,4.52,10,5,73.34,0.38,2
257,2019,9,11,0,16:00:00,83,91.85,0.82,1024.99,3.82,10,5,76.82,0.31,2
258,2019,9,11,0,17:00:00,87.79,94.39,0.59,1023.41,2.81,10,5,71.83,0.19,2
259,2019,9,11,0,18:00:00,89.39,97.43,0.58,1022.4,3.51,10,5,72.9,0.44,2
260,2019,9,11,0,19:00:00,90.96,99.73,0.56,1021.54,3.53,10,5,73.18,0.44,2
261,2019,9,11,0,20:00:00,91.27,100.27,0.56,1020.59,3.57,9.977,5,73.31,0.44,2
262,2019,9,11,0,21:00:00,91.28,100.75,0.57,1020.13,4.02,10,5,73.73,0.19,2
263,2019,9,11,0,22:00:00,89.47,98.34,0.6,1019.37,3.67,10,1,73.67,0,2
264,2019,9,11,0,23:00:00,86.69,94.97,0.66,1019.67,3.28,10,1,74,0,2
265,2019,9,12,0,00:00:00,83.91,91.18,0.73,1019.73,1.94,10,2,74.23,0,2
266,2019,9,12,0,01:00:00,81.71,87.64,0.78,1020.26,1.43,10,2,74.2,0,2
267,2019,9,12,0,02:00:00,79.47,83.29,0.82,1021.11,2.23,9.422,6,73.34,0.19,2
268,2019,9,12,0,03:00:00,78.69,81.74,0.82,1020.7,1.89,9.916,6,72.89,0.19,2
269,2019,9,12,0,04:00:00,77.56,79.01,0.85,1020.4,1.72,9.351,6,72.62,0.19,2
270,2019,9,12,0,05:00:00,75.83,77.31,0.89,1020.24,0.79,8.297,6,72.44,0.19,2
271,2019,9,12,0,06:00:00,75.78,77.23,0.89,1020.08,2.9,9.079,6,72.19,0.19,2
272,2019,9,12,0,07:00:00,74.81,76.25,0.91,1019.4,1.9,8.298,2,71.89,0,2
273,2019,9,12,0,08:00:00,74.06,75.52,0.93,1018.77,1.44,9.127,2,71.82,0,2
274,2019,9,12,0,09:00:00,73.36,74.82,0.94,1019.13,0.75,8.048,2,71.58,0,2
275,2019,9,12,0,10:00:00,73.29,74.75,0.94,1019.5,1.76,4.063,2,71.5,0,2
276,2019,9,12,0,11:00:00,72.92,74.33,0.94,1019.79,0.93,3.085,5,71.12,0.44,2
277,2019,9,12,0,12:00:00,74.27,75.66,0.91,1020.49,0.73,7.32,5,71.38,0.19,2
278,2019,9,12,0,13:00:00,78.43,79.93,0.84,1020.41,1.35,9.703,1,73.28,0,2
279,2019,9,12,0,14:00:00,83.12,89.35,0.73,1020.6,1.75,10,1,73.38,0,2
280,2019,9,12,0,15:00:00,87.53,95.78,0.64,1020.4,1.54,8.53,1,73.67,0,2
281,2019,9,12,0,16:00:00,89.91,97.94,0.57,1019.88,4.12,10,1,72.75,0,2
282,2019,9,12,0,17:00:00,92.27,98.98,0.5,1019.54,4.93,10,1,70.81,0.02,2
283,2019,9,12,0,18:00:00,93.73,98.85,0.44,1018.91,3.49,10,1,68.66,0,2
284,2019,9,12,0,19:00:00,94.96,99.7,0.41,1018.2,2.95,10,1,67.88,0,2
285,2019,9,12,0,20:00:00,95.38,99.09,0.39,1017.48,2.08,10,1,66.43,0,2
286,2019,9,12,0,21:00:00,93.42,97.95,0.44,1017.32,2.22,10,1,67.99,0,2
287,2019,9,12,0,22:00:00,92.45,97.68,0.47,1017.43,2.34,10,1,69.09,0,2
288,2019,9,12,0,23:00:00,89.16,97.1,0.59,1017.62,0.9,10,1,72.86,0,2
289,2019,9,13,0,00:00:00,85.34,92.77,0.68,1018.05,1.08,10,6,73.65,0.44,2
290,2019,9,13,0,01:00:00,82.92,90.01,0.76,1018.46,2.13,10,6,74.73,0.19,2
291,2019,9,13,0,02:00:00,81.34,87.17,0.8,1019.17,2.85,10,6,74.49,0.19,2
292,2019,9,13,0,03:00:00,80.68,85.66,0.8,1019.14,3.16,8.339,6,73.84,0.19,2
293,2019,9,13,0,04:00:00,79.68,83.7,0.81,1019.04,1.32,8.952,2,73.43,0,2
294,2019,9,13,0,05:00:00,77.8,79.32,0.86,1019.04,1.19,8.189,2,73.26,0,2
295,2019,9,13,0,06:00:00,77.13,78.64,0.87,1019.57,2.09,7.424,2,73.01,0,2
296,2019,9,13,0,07:00:00,76.73,78.23,0.88,1019.52,1.39,6.981,2,72.83,0,2
297,2019,9,13,0,08:00:00,76.38,77.75,0.86,1019.52,2.16,7.401,2,71.82,0,2
298,2019,9,13,0,09:00:00,74.5,75.84,0.89,1019.98,2.89,5.684,2,71.09,0,2
299,2019,9,13,0,10:00:00,74.56,75.89,0.89,1020.9,3.14,8.488,6,71.03,0.44,2
300,2019,9,13,0,11:00:00,74.49,75.84,0.89,1021.63,5.59,6.333,6,71.15,0.44,2
301,2019,9,13,0,12:00:00,74.71,76.11,0.9,1022.05,3.6,10,5,71.56,0.19,2
302,2019,9,13,0,13:00:00,75.71,77.01,0.86,1022.86,4.89,10,5,71.13,0.44,2
303,2019,9,13,0,14:00:00,77.65,78.82,0.79,1023.41,6.41,10,5,70.56,0.75,2
304,2019,9,13,0,15:00:00,77.8,78.91,0.77,1023.93,6.58,10,3,70.11,1,2
305,2019,9,13,0,16:00:00,77.26,78.43,0.8,1024.62,7.7,10,3,70.47,1,2
306,2019,9,13,0,17:00:00,78.43,79.61,0.78,1024.74,4.87,10,3,70.81,1,2
307,2019,9,13,0,18:00:00,79.87,83.33,0.75,1024.32,5.95,10,3,71.25,1,2
308,2019,9,13,0,19:00:00,81.15,85.5,0.73,1023.7,6.06,10,3,71.82,1,2
309,2019,9,13,0,20:00:00,80.08,83.95,0.77,1023.72,5.57,8.601,3,72.09,1,2
310,2019,9,13,0,21:00:00,78.23,79.5,0.8,1023.8,3.8,8.668,3,71.44,1,2
311,2019,9,13,0,22:00:00,76.56,77.82,0.83,1024.2,5.97,9.96,5,71,0.73,2
312,2019,9,13,0,23:00:00,75.23,76.35,0.83,1024.3,7.29,10,3,69.71,1,2
313,2019,9,14,1,00:00:00,74.15,75.18,0.83,1024.62,4.66,10,3,68.75,1,2
314,2019,9,14,1,01:00:00,73.89,74.9,0.83,1025.42,5.28,10,3,68.54,1,2
315,2019,9,14,1,02:00:00,73.25,74.16,0.83,1025.88,4.19,10,3,67.7,1,2
316,2019,9,14,1,03:00:00,72.38,73.22,0.83,1025.71,4.37,10,3,66.98,1,2
317,2019,9,14,1,04:00:00,71.56,72.36,0.84,1025.82,3.19,10,3,66.42,1,2
318,2019,9,14,1,05:00:00,71.12,71.92,0.85,1025.2,4.04,10,3,66.38,1,2
319,2019,9,14,1,06:00:00,70.59,71.41,0.86,1025.02,2.88,10,3,66.32,1,2
320,2019,9,14,1,07:00:00,70.15,70.98,0.87,1024.56,3.45,10,3,66.25,1,2
321,2019,9,14,1,08:00:00,69.92,70.76,0.88,1024.58,2.38,9.991,3,66.28,1,2
322,2019,9,14,1,09:00:00,69.98,70.86,0.89,1024.55,2.66,10,3,66.54,1,2
323,2019,9,14,1,10:00:00,69.7,70.57,0.89,1024.71,1.6,9.015,3,66.43,1,2
324,2019,9,14,1,11:00:00,69.55,70.42,0.9,1024.99,1.51,9.075,3,66.42,1,2
325,2019,9,14,1,12:00:00,69.62,70.48,0.89,1025.59,1.35,10,3,66.34,1,2
326,2019,9,14,1,13:00:00,70.63,71.51,0.88,1025.58,2.32,10,3,66.78,1,2
327,2019,9,14,1,14:00:00,72.91,73.78,0.82,1025.68,3.96,10,3,67.26,1,2
328,2019,9,14,1,15:00:00,76.92,77.88,0.76,1025.37,3.25,10,3,68.72,1,2
329,2019,9,14,1,16:00:00,79.58,82.28,0.7,1025.08,2.86,10,5,68.89,0.44,2
330,2019,9,14,1,17:00:00,81.26,84.29,0.65,1024.18,2.35,10,5,68.59,0.75,2
331,2019,9,14,1,18:00:00,82.17,85.63,0.65,1024.02,2.79,9.933,5,69.16,0.75,2
332,2019,9,14,1,19:00:00,82.45,85.7,0.63,1023.28,2.66,9.895,3,68.59,1,2
333,2019,9,14,1,20:00:00,83.02,86.66,0.63,1022.57,2.19,10,3,69.16,1,2
334,2019,9,14,1,21:00:00,82.19,85.3,0.63,1022.18,2.08,10,3,68.36,1,2
335,2019,9,14,1,22:00:00,82.09,85.33,0.64,1021.91,2.56,10,5,68.69,0.75,2
336,2019,9,14,1,23:00:00,80.74,83.74,0.67,1021.93,2.37,10,5,68.85,0.75,2
337,2019,9,15,1,00:00:00,77.87,78.88,0.75,1022.03,1.15,10,6,69.33,0.75,2
338,2019,9,15,1,01:00:00,75.87,77.02,0.82,1021.7,0.62,10,6,70,0.19,2
339,2019,9,15,1,02:00:00,74.7,75.8,0.84,1022.42,0.76,10,2,69.46,0,2
340,2019,9,15,1,03:00:00,72.96,74.15,0.89,1021.6,1.29,10,2,69.62,0,2
341,2019,9,15,1,04:00:00,72.42,73.5,0.88,1021.49,1.94,9.973,2,68.7,0,2
342,2019,9,15,1,05:00:00,71.41,72.52,0.91,1021.29,1.05,7.162,2,68.54,0,2
343,2019,9,15,1,06:00:00,70.97,72.08,0.92,1021.43,0.93,7.115,6,68.44,0.44,2
344,2019,9,15,1,07:00:00,70.15,71.26,0.93,1021.01,0.34,10,6,68.17,0.44,2
345,2019,9,15,1,08:00:00,69.46,70.56,0.95,1020.83,0.3,5.134,6,67.85,0.75,2
346,2019,9,15,1,09:00:00,69.6,70.71,0.95,1021.32,0.69,1.686,4,68.01,0.77,2
347,2019,9,15,1,10:00:00,68.81,69.81,0.94,1020.78,0.83,5.133,6,66.97,0.44,2
348,2019,9,15,1,11:00:00,68.98,70.04,0.95,1021.9,0.84,10,6,67.48,0.87,2
349,2019,9,15,1,12:00:00,70.18,71.31,0.94,1021.45,0.89,8.348,5,68.35,0.19,2
350,2019,9,15,1,13:00:00,74.84,76.16,0.88,1021.3,1.56,10,5,71.05,0.19,2
351,2019,9,15,1,14:00:00,79.53,82.79,0.76,1021.54,0.62,10,5,71.14,0.19,2
352,2019,9,15,1,15:00:00,82.93,87.46,0.67,1021.26,2.01,10,5,70.84,0.19,2
353,2019,9,15,1,16:00:00,83.6,87.66,0.63,1020.78,1.7,10,5,69.7,0.44,2
354,2019,9,15,1,17:00:00,84.1,88.01,0.61,1020.67,2.11,9.977,5,69.28,0.75,2
355,2019,9,15,1,18:00:00,84.03,88.59,0.64,1020.07,3.24,9.765,5,70.38,0.75,2
356,2019,9,15,1,19:00:00,83.07,87.5,0.66,1019.45,4.67,8.883,5,70.58,0.85,2
357,2019,9,15,1,20:00:00,82.43,86.9,0.68,1018.75,5.13,10,3,71.02,0.98,2
358,2019,9,15,1,21:00:00,82.68,88.44,0.73,1018.38,5.22,10,3,73.02,1,2
359,2019,9,15,1,22:00:00,81.63,87.53,0.78,1018.52,4.97,10,3,74.26,0.96,2
360,2019,9,15,1,23:00:00,79.15,82.85,0.84,1018.53,4.3,10,3,73.99,0.89,2
361,2019,9,16,0,00:00:00,76.12,77.75,0.92,1018.72,3.75,10,6,73.59,0.86,2
362,2019,9,16,0,01:00:00,74.17,75.84,0.97,1019.15,3.65,10,6,73.26,0.74,2
363,2019,9,16,0,02:00:00,73.29,74.98,0.99,1019.74,3.36,10,6,73.02,0.47,2
364,2019,9,16,0,03:00:00,72.57,74.21,1,1019.94,3.51,10,6,72.49,0.39,2
365,2019,9,16,0,04:00:00,71.86,73.45,1,1019.81,3.21,10,6,71.86,0.36,2
366,2019,9,16,0,05:00:00,71.16,72.67,1,1019.69,3.04,10,6,71.16,0.32,2
367,2019,9,16,0,06:00:00,70.48,71.93,1,1018.88,2.72,10,6,70.48,0.28,2
368,2019,9,16,0,07:00:00,69.99,71.39,1,1018.55,2.71,10,6,69.99,0.27,2
369,2019,9,16,0,08:00:00,69.52,70.88,1,1019.24,3.45,8.151,6,69.52,0.32,2
370,2019,9,16,0,09:00:00,69.51,70.86,1,1019.52,3.35,7.811,6,69.51,0.36,2
371,2019,9,16,0,10:00:00,69.14,70.45,1,1019.42,3.48,7.851,6,69.14,0.44,2
372,2019,9,16,0,11:00:00,68.61,69.87,1,1019.43,3.6,7.902,6,68.61,0.55,2
373,2019,9,16,0,12:00:00,68.72,69.99,1,1019.52,3.69,7.724,5,68.72,0.64,2
374,2019,9,16,0,13:00:00,70.44,71.88,1,1019.63,3.69,9.517,5,70.44,0.67,2
375,2019,9,16,0,14:00:00,72.75,74.42,1,1019.92,3.64,10,5,72.75,0.7,2
376,2019,9,16,0,15:00:00,75.15,76.94,0.97,1019.4,3.7,10,5,74.34,0.69,2
377,2019,9,16,0,16:00:00,78.36,79.85,0.84,1018.98,4.04,10,5,73.18,0.57,2
378,2019,9,16,0,17:00:00,82,86.2,0.69,1018.57,4.52,10,5,70.79,0.39,2
379,2019,9,16,0,18:00:00,85.06,89.21,0.6,1017.81,4.75,10,5,69.39,0.24,2
380,2019,9,16,0,19:00:00,86.64,90.56,0.55,1017.11,4.49,10,5,68.64,0.16,2
381,2019,9,16,0,20:00:00,87.25,90.99,0.53,1016.36,3.97,10,1,68.25,0.07,2
382,2019,9,16,0,21:00:00,87.19,90.54,0.52,1015.79,3.5,10,1,67.67,0,2
383,2019,9,16,0,22:00:00,85.3,88.29,0.55,1015.56,3.2,10,1,67.39,0,2
384,2019,9,16,0,23:00:00,81.49,84.1,0.62,1015.56,2.92,10,1,67.34,0,2
385,2019,9,9,0,00:00:00,77.72,77.72,0.51,1009.61,5.65,10,1,58.4,0,3
386,2019,9,9,0,01:00:00,76.39,76.39,0.54,1009.52,5.31,10,1,58.27,0,3
387,2019,9,9,0,02:00:00,73.82,73.82,0.58,1009.41,4.27,10,1,58.33,0,3
388,2019,9,9,0,03:00:00,71.14,71.14,0.63,1009.68,2.93,10,2,57.75,0,3
389,2019,9,9,0,04:00:00,70.06,70.06,0.65,1010.05,2.06,10,2,57.74,0,3
390,2019,9,9,0,00:00:00,69.13,69.13,0.67,1010.2,1.89,10,2,57.81,0,3
391,2019,9,9,0,01:00:00,68.24,68.24,0.72,1010.17,1.75,10,2,58.99,0,3
392,2019,9,9,0,02:00:00,68.17,68.17,0.73,1010.22,1.86,10,2,59.04,0,3
393,2019,9,9,0,03:00:00,66.73,66.73,0.75,1009.9,1.46,10,2,58.71,0,3
394,2019,9,9,0,04:00:00,65.08,65.08,0.78,1010.21,1.87,10,2,57.98,0,3
395,2019,9,9,0,05:00:00,63.97,63.97,0.81,1009.79,2.35,10,2,58.14,0,3
396,2019,9,9,0,06:00:00,63.55,63.55,0.82,1009.9,2.15,10,2,57.94,0.03,3
397,2019,9,9,0,07:00:00,62.59,62.59,0.85,1010.04,2.04,10,5,57.9,0.14,3
398,2019,9,9,0,08:00:00,61.61,61.61,0.87,1010.03,1.73,10,2,57.79,0.1,3
399,2019,9,9,0,09:00:00,61.87,61.87,0.87,1010.65,2.01,10,4,58.02,0.19,3
400,2019,9,9,0,10:00:00,64.48,64.62,0.85,1011.39,1.92,9.967,4,59.88,0.46,3
401,2019,9,9,0,11:00:00,68.28,68.54,0.79,1011.53,2.34,5.743,4,61.65,0.49,3
402,2019,9,9,0,12:00:00,71.48,71.82,0.74,1011.84,3.51,9.338,4,62.85,0.58,3
403,2019,9,9,0,13:00:00,74.26,74.6,0.68,1011.93,4.5,9.478,4,63.16,0.52,3
404,2019,9,9,0,14:00:00,75.67,76.01,0.65,1011.21,5.48,9.392,4,63.26,0.37,3
405,2019,9,9,0,15:00:00,77.11,77.45,0.62,1010.87,5.84,9.978,4,63.29,0.27,3
406,2019,9,9,0,16:00:00,77.8,78.12,0.6,1010.13,6.24,10,1,63.02,0.11,3
407,2019,9,9,0,17:00:00,77.96,78.32,0.61,1009.78,6.55,10,1,63.34,0.06,3
408,2019,9,9,0,18:00:00,77.63,77.97,0.61,1009.15,6.46,10,1,63.24,0.05,3
409,2019,9,9,0,19:00:00,77.15,77.46,0.62,1008.93,5.99,10,1,62.97,0.02,3
410,2019,9,9,0,20:00:00,75.75,76.02,0.64,1008.77,5.56,9.692,1,62.54,0.02,3
411,2019,9,9,0,21:00:00,72.64,72.94,0.71,1008.62,4.71,9.243,1,62.7,0.03,3
412,2019,9,9,0,22:00:00,69.46,69.86,0.8,1008.81,3.54,9.274,2,62.98,0.06,3
413,2019,9,9,0,23:00:00,67.45,67.9,0.85,1009.37,2.43,9.158,2,62.84,0.01,3
414,2019,9,10,0,00:00:00,66.68,67.12,0.87,1009.45,1.97,9.337,2,62.56,0.01,3
415,2019,9,10,0,01:00:00,66.29,66.79,0.89,1009.52,1.76,9.533,2,62.85,0.07,3
416,2019,9,10,0,02:00:00,65.24,65.74,0.91,1009.56,2.36,9.32,2,62.57,0.03,3
417,2019,9,10,0,03:00:00,64.33,64.83,0.93,1009.88,2.53,9.205,5,62.25,0.22,3
418,2019,9,10,0,04:00:00,64.94,65.5,0.93,1010.15,2.75,7.39,5,62.79,0.76,3
419,2019,9,10,0,05:00:00,66.12,66.64,0.89,1010.25,2.17,9.109,3,62.93,0.98,3
420,2019,9,10,0,06:00:00,66.08,66.56,0.89,1010.36,2.25,8.836,3,62.69,1,3
421,2019,9,10,0,07:00:00,66.06,66.56,0.89,1010.51,1.92,9.815,3,62.77,1,3
422,2019,9,10,0,08:00:00,66.07,66.5,0.88,1010.55,2.35,9.502,3,62.29,1,3
423,2019,9,10,0,09:00:00,65.71,66.11,0.88,1011.09,2.58,9.126,3,61.98,0.98,3
424,2019,9,10,0,10:00:00,66.49,66.77,0.84,1011.68,3.5,9.422,3,61.38,0.97,3
425,2019,9,10,0,11:00:00,67.7,67.88,0.79,1012.36,3.38,9.343,3,60.95,0.98,3
426,2019,9,10,0,12:00:00,69.23,69.31,0.73,1012.74,3.3,9.87,3,60.36,1,3
427,2019,9,10,0,13:00:00,71.24,71.24,0.67,1012.69,3.7,9.161,3,59.52,0.96,3
428,2019,9,10,0,14:00:00,73.16,73.16,0.62,1012.08,4.31,10,4,59.15,0.72,3
429,2019,9,10,0,15:00:00,74.69,74.69,0.58,1011.89,4.97,10,4,58.76,0.64,3
430,2019,9,10,0,16:00:00,74.52,74.52,0.58,1011.41,6.03,10,4,58.77,0.63,3
431,2019,9,10,0,17:00:00,74.16,74.16,0.6,1011.05,6.9,10,4,59.57,0.47,3
432,2019,9,10,0,18:00:00,73.54,73.56,0.63,1010.98,7.02,10,4,60.21,0.42,3
433,2019,9,10,0,19:00:00,74.06,74.14,0.63,1010.95,6.58,9.847,4,60.81,0.55,3
434,2019,9,10,0,20:00:00,72.22,72.32,0.68,1010.62,5.31,9.339,4,60.9,0.49,3
435,2019,9,10,0,21:00:00,70.06,70.19,0.73,1010.68,4.7,8.907,4,60.9,0.38,3
436,2019,9,10,0,22:00:00,68.16,68.34,0.78,1011.36,3.72,8.848,5,61,0.75,3
437,2019,9,10,0,23:00:00,66.47,66.72,0.83,1011.64,2.01,8.969,5,61.14,0.4,3
438,2019,9,11,0,00:00:00,66.02,66.26,0.84,1012.03,1.3,9.144,5,60.94,0.41,3
439,2019,9,11,0,01:00:00,65.97,66.22,0.84,1012.07,0.76,9.385,2,61.09,0.06,3
440,2019,9,11,0,02:00:00,65.23,65.5,0.86,1012.59,0.97,9.272,2,60.98,0,3
441,2019,9,11,0,03:00:00,64.62,64.92,0.88,1012.65,1.97,10,5,60.99,0.25,3
442,2019,9,11,0,04:00:00,63.26,63.61,0.92,1012.9,2.1,9.899,5,60.91,0.24,3
443,2019,9,11,0,05:00:00,61.78,62.16,0.96,1012.58,3.09,9.505,5,60.57,0.45,3
444,2019,9,11,0,06:00:00,61.69,61.97,0.94,1012.84,2.26,9.32,5,59.92,0.56,3
445,2019,9,11,0,07:00:00,62.68,63.03,0.93,1013.33,2.39,9.502,3,60.67,0.93,3
446,2019,9,11,0,08:00:00,63.71,63.94,0.88,1013.96,2.94,8.346,3,60.21,0.94,3
447,2019,9,11,0,09:00:00,64.28,64.46,0.86,1014.42,2.89,9.735,3,60.08,0.89,3
448,2019,9,11,0,10:00:00,65.17,65.43,0.86,1015.16,2.64,10,4,60.86,0.34,3
449,2019,9,11,0,11:00:00,66.75,67.02,0.83,1015.98,3.64,10,4,61.35,0.32,3
450,2019,9,11,0,12:00:00,70.05,70.16,0.72,1015.86,2.96,9.012,4,60.74,0.64,3
451,2019,9,11,0,13:00:00,72.6,72.7,0.67,1015.68,3.71,9.38,4,60.94,0.48,3
452,2019,9,11,0,14:00:00,74.96,75.09,0.62,1015.27,4.42,9.952,4,61.27,0.48,3
453,2019,9,11,0,15:00:00,77.61,77.8,0.58,1014.59,5.3,10,1,61.71,0.06,3
454,2019,9,11,0,16:00:00,76.94,77.16,0.6,1014.03,6.66,9.832,1,62.02,0.04,3
455,2019,9,11,0,17:00:00,77.02,77.27,0.61,1013.05,7.8,9.891,1,62.34,0,3
456,2019,9,11,0,18:00:00,78.28,78.55,0.58,1012.49,7.95,9.561,1,62.47,0.01,3
457,2019,9,11,0,19:00:00,77.08,77.41,0.62,1012.46,7.63,9.326,1,63.16,0,3
458,2019,9,11,0,20:00:00,75.38,75.77,0.67,1012.33,6.95,8.992,1,63.76,0.01,3
459,2019,9,11,0,21:00:00,72.47,72.93,0.75,1012.29,5.17,8.926,1,63.97,0.02,3
460,2019,9,11,0,22:00:00,70.02,70.63,0.83,1012.76,3.15,9.503,2,64.64,0,3
461,2019,9,11,0,23:00:00,68.56,69.27,0.88,1013.45,2.5,9.844,2,64.95,0,3
462,2019,9,12,0,00:00:00,67.58,68.37,0.92,1013.9,1.95,10,2,65.23,0,3
463,2019,9,12,0,01:00:00,67.32,68.12,0.93,1013.73,1.62,10,2,65.2,0,3
464,2019,9,12,0,02:00:00,66.9,67.8,0.96,1013.83,1.6,10,2,65.71,0,3
465,2019,9,12,0,03:00:00,66.72,67.38,0.91,1013.69,1.82,10,2,64.13,0,3
466,2019,9,12,0,04:00:00,65.56,66.26,0.95,1013.95,1.58,10,2,64,0,3
467,2019,9,12,0,05:00:00,65.29,65.93,0.94,1013.93,1.85,10,2,63.46,0,3
468,2019,9,12,0,06:00:00,66.13,66.55,0.87,1013.98,1.84,10,2,62.29,0,3
469,2019,9,12,0,07:00:00,66.07,66.29,0.83,1014.01,1.95,10,2,60.87,0,3
470,2019,9,12,0,08:00:00,65.42,65.72,0.86,1014.33,1.58,9.95,2,61.22,0,3
471,2019,9,12,0,09:00:00,65.13,65.31,0.84,1014.43,1.61,9.248,1,60.26,0,3
472,2019,9,12,0,10:00:00,67.03,67.29,0.82,1014.88,1.4,8.243,1,61.36,0,3
473,2019,9,12,0,11:00:00,72.14,72.68,0.77,1015.11,1.16,6.204,1,64.57,0,3
474,2019,9,12,0,12:00:00,75.2,75.87,0.73,1015.55,2.84,10,1,66.08,0.08,3
475,2019,9,12,0,13:00:00,78.55,79.13,0.64,1015.69,4.27,10,1,65.47,0,3
476,2019,9,12,0,14:00:00,81.48,83.47,0.59,1015.41,4.66,10,1,65.55,0,3
477,2019,9,12,0,15:00:00,84.13,84.9,0.48,1014.74,5.43,10,1,62.38,0,3
478,2019,9,12,0,16:00:00,86.66,86.98,0.43,1013.81,6.27,10,1,61.63,0,3
479,2019,9,12,0,17:00:00,87.36,88.05,0.44,1013.05,6.94,10,1,62.58,0,3
480,2019,9,12,0,18:00:00,86.49,86.49,0.42,1012.54,7.31,10,1,60.37,0,3
481,2019,9,12,0,19:00:00,86.15,86.15,0.41,1012.13,6.38,10,1,59.43,0,3
482,2019,9,12,0,20:00:00,83.39,83.72,0.46,1012.42,5.91,10,1,60.71,0,3
483,2019,9,12,0,21:00:00,78.84,79.16,0.58,1012.76,4.47,10,2,62.84,0,3
484,2019,9,12,0,22:00:00,74.66,74.95,0.67,1013.38,3.22,10,2,62.81,0,3
485,2019,9,12,0,23:00:00,73.01,73.37,0.72,1013.58,2.67,10,2,63.28,0,3
486,2019,9,13,0,00:00:00,71.99,72.35,0.74,1013.71,2.35,10,2,63.13,0,3
487,2019,9,13,0,01:00:00,70.9,71.21,0.75,1013.55,2.12,10,2,62.54,0,3
488,2019,9,13,0,02:00:00,70.56,70.97,0.78,1013.39,2.32,10,2,63.25,0,3
489,2019,9,13,0,03:00:00,69.5,70.18,0.86,1012.9,1.94,10,2,65.03,0,3
490,2019,9,13,0,04:00:00,69.2,69.69,0.82,1013.77,2.46,10,2,63.63,0,3
491,2019,9,13,0,05:00:00,68.93,69.29,0.8,1012.87,2.17,10,2,62.55,0,3
492,2019,9,13,0,06:00:00,68.61,68.74,0.76,1013.14,1.85,10,2,60.78,0,3
493,2019,9,13,0,07:00:00,69.02,69.02,0.7,1012.96,1.99,10,2,58.97,0,3
494,2019,9,13,0,08:00:00,68.47,68.47,0.7,1013.37,2.22,10,2,58.28,0,3
495,2019,9,13,0,09:00:00,68.04,68.04,0.7,1013.68,1.84,10,1,57.74,0,3
496,2019,9,13,0,10:00:00,70.91,70.91,0.66,1013.7,1.37,9.698,1,59.01,0,3
497,2019,9,13,0,11:00:00,77.56,77.69,0.57,1013.81,1.21,7.196,1,61.02,0,3
498,2019,9,13,0,12:00:00,81.86,82.63,0.5,1013.97,2.33,10,1,61.48,0,3
499,2019,9,13,0,13:00:00,86.33,86.37,0.42,1013.89,3.98,10,1,60.8,0,3
500,2019,9,13,0,14:00:00,89.14,89.14,0.38,1013.69,5.14,10,1,60.18,0,3
501,2019,9,13,0,15:00:00,91.82,91.82,0.34,1012.84,6.08,10,1,59.41,0,3
502,2019,9,13,0,16:00:00,92.46,92.46,0.34,1011.96,6.74,10,1,60.35,0,3
503,2019,9,13,0,17:00:00,92.84,92.84,0.31,1011.71,6.33,10,1,58.03,0.06,3
504,2019,9,13,0,18:00:00,92.95,92.95,0.31,1010.93,6.62,10,1,57.58,0,3
505,2019,9,13,0,19:00:00,91.41,91.41,0.31,1010.85,6.46,10,1,56.76,0,3
506,2019,9,13,0,20:00:00,89.84,89.84,0.32,1010.71,5.48,10,1,56.17,0,3
507,2019,9,13,0,21:00:00,85.69,85.69,0.36,1010.71,3.41,9.877,2,55.58,0,3
508,2019,9,13,0,22:00:00,81.84,81.84,0.43,1011.08,2.79,9.579,2,56.91,0,3
509,2019,9,13,0,23:00:00,79.62,79.62,0.48,1011.35,2.86,10,2,58.33,0,3
510,2019,9,14,1,00:00:00,78.06,78.06,0.52,1011.54,3.65,10,2,58.95,0,3
511,2019,9,14,1,01:00:00,76.91,76.97,0.57,1011.87,3.79,10,2,60.5,0,3
512,2019,9,14,1,02:00:00,75.44,75.51,0.6,1011.93,3.13,10,2,60.72,0,3
513,2019,9,14,1,03:00:00,74.08,74.19,0.64,1012.34,2.15,10,2,61.04,0,3
514,2019,9,14,1,04:00:00,72.88,72.92,0.65,1012.44,2.71,9.865,2,60.37,0,3
515,2019,9,14,1,05:00:00,71.83,71.83,0.66,1011.99,2.39,10,2,59.89,0,3
516,2019,9,14,1,06:00:00,71.9,71.9,0.65,1011.94,2.37,10,2,59.57,0,3
517,2019,9,14,1,07:00:00,70.26,70.26,0.67,1012.13,2.34,10,2,58.89,0,3
518,2019,9,14,1,08:00:00,69.79,69.79,0.67,1012.16,2.92,10,2,58.3,0.08,3
519,2019,9,14,1,09:00:00,69.36,69.36,0.65,1012.55,2.81,9.011,1,57.25,0.1,3
520,2019,9,14,1,10:00:00,72.2,72.2,0.63,1012.9,1.98,6.793,1,58.71,0.03,3
521,2019,9,14,1,11:00:00,77.41,77.5,0.56,1013.25,1.58,4.863,1,60.67,0.03,3
522,2019,9,14,1,12:00:00,82.26,83,0.5,1013.19,2.31,9.531,1,61.57,0.02,3
523,2019,9,14,1,13:00:00,87,87,0.41,1013.12,3.3,10,1,60.48,0,3
524,2019,9,14,1,14:00:00,90.25,90.25,0.36,1012.63,4.41,10,1,59.69,0,3
525,2019,9,14,1,15:00:00,92.85,92.85,0.32,1012.12,5.11,10,1,58.31,0.02,3
526,2019,9,14,1,16:00:00,94.26,94.26,0.32,1011.38,6.34,10,1,59.7,0.02,3
527,2019,9,14,1,17:00:00,94.14,94.14,0.31,1010.47,6.35,10,1,59.06,0,3
528,2019,9,14,1,18:00:00,93.78,93.78,0.31,1010.12,5.96,10,1,58.14,0.02,3
529,2019,9,14,1,19:00:00,92.12,92.12,0.31,1010.11,5.96,10,1,57,0,3
530,2019,9,14,1,20:00:00,89.15,89.15,0.34,1009.69,4.88,10,1,56.73,0.03,3
531,2019,9,14,1,21:00:00,84.95,84.95,0.38,1010.02,3.22,10,2,56.78,0,3
532,2019,9,14,1,22:00:00,80.52,80.87,0.46,1010.55,2.89,10,2,57.88,0.03,3
533,2019,9,14,1,23:00:00,78.62,78.62,0.49,1010.89,2.79,9.669,2,57.6,0,3
534,2019,9,15,1,00:00:00,76.38,76.38,0.54,1011.13,2.34,10,2,58.72,0.04,3
535,2019,9,15,1,01:00:00,75.99,75.99,0.57,1011.29,1.73,10,2,59.88,0,3
536,2019,9,15,1,02:00:00,74.49,74.54,0.62,1011.37,2.37,10,2,60.5,0,3
537,2019,9,15,1,03:00:00,74.37,74.41,0.62,1011.44,2.13,9.529,2,60.41,0,3
538,2019,9,15,1,04:00:00,72.29,72.33,0.66,1011.14,2.84,9.844,2,60.4,0,3
539,2019,9,15,1,05:00:00,71.04,71.15,0.7,1010.74,2.57,8.937,2,60.9,0.08,3
540,2019,9,15,1,06:00:00,70.84,70.87,0.69,1010.55,2.53,8.953,5,60.15,0.16,3
541,2019,9,15,1,07:00:00,70.57,70.57,0.67,1010.79,2.61,8.097,5,59.18,0.38,3
542,2019,9,15,1,08:00:00,68.34,68.34,0.71,1011.33,2.37,4.783,5,58.58,0.7,3
543,2019,9,15,1,09:00:00,67.48,67.48,0.71,1011.46,2.49,4.07,3,57.61,0.88,3
544,2019,9,15,1,10:00:00,67.78,67.78,0.71,1011.8,2.61,4.598,4,58.07,0.77,3
545,2019,9,15,1,11:00:00,70.91,70.96,0.69,1012.35,2.03,6.904,4,60.4,0.47,3
546,2019,9,15,1,12:00:00,74.71,74.91,0.64,1012.32,1.88,7.571,4,61.88,0.32,3
547,2019,9,15,1,13:00:00,81.01,81.98,0.52,1012.05,2.76,10,1,61.7,0.09,3
548,2019,9,15,1,14:00:00,85.04,85.06,0.44,1011.62,4.11,10,1,60.41,0.07,3
549,2019,9,15,1,15:00:00,87.99,87.99,0.37,1011.2,5.95,10,4,58.33,0.2,3
550,2019,9,15,1,16:00:00,88.38,88.38,0.36,1011.52,8.27,10,4,58.35,0.47,3
551,2019,9,15,1,17:00:00,87.03,87.03,0.37,1011.31,8.85,10,4,57.41,0.7,3
552,2019,9,15,1,18:00:00,85.17,85.17,0.37,1010.98,8.1,10,4,56.25,0.76,3
553,2019,9,15,1,19:00:00,83.75,83.75,0.4,1010.9,7.12,10,4,56.59,0.74,3
554,2019,9,15,1,20:00:00,81.61,81.61,0.44,1011.04,6.05,10,4,57.42,0.67,3
555,2019,9,15,1,21:00:00,78.41,78.41,0.51,1011.37,5,10,5,58.61,0.47,3
556,2019,9,15,1,22:00:00,75.07,75.07,0.59,1011.83,4.16,10,5,59.92,0.67,3
557,2019,9,15,1,23:00:00,73.66,73.74,0.64,1012.36,3.23,10,5,60.74,0.74,3
558,2019,9,16,0,00:00:00,72.61,72.77,0.68,1012.91,3.12,10,5,61.47,0.81,3
559,2019,9,16,0,01:00:00,71.72,71.97,0.72,1013.26,3.25,10,5,62.11,0.85,3
560,2019,9,16,0,02:00:00,70.64,70.98,0.76,1013.1,3.03,10,5,62.76,0.8,3
561,2019,9,16,0,03:00:00,69.67,70.06,0.79,1013.05,3.11,10,5,62.89,0.72,3
562,2019,9,16,0,04:00:00,69.6,70.02,0.8,1012.51,3.21,10,5,63.11,0.57,3
563,2019,9,16,0,05:00:00,68.54,68.95,0.82,1012.42,3.22,10,5,62.78,0.54,3
564,2019,9,16,0,06:00:00,67.32,67.69,0.84,1012.38,3.22,10,5,62.25,0.49,3
565,2019,9,16,0,07:00:00,66.52,66.85,0.84,1012.44,3.19,10,5,61.7,0.44,3
566,2019,9,16,0,08:00:00,65.76,66.03,0.85,1012.76,3.01,10,5,61.08,0.37,3
567,2019,9,16,0,09:00:00,65.59,65.8,0.84,1013.14,2.77,10,4,60.65,0.29,3
568,2019,9,16,0,10:00:00,66.76,66.89,0.8,1013.38,2.89,10,4,60.34,0.23,3
569,2019,9,16,0,11:00:00,69.93,70.02,0.72,1013.56,3.64,10,4,60.62,0.21,3
570,2019,9,16,0,12:00:00,74.23,74.33,0.63,1013.63,4.77,10,4,61.02,0.21,3
571,2019,9,16,0,13:00:00,77.9,78,0.55,1013.77,5.86,10,4,60.68,0.21,3
572,2019,9,16,0,14:00:00,80.92,81.34,0.47,1013.68,6.86,10,4,58.98,0.22,3
573,2019,9,16,0,15:00:00,83.35,83.35,0.4,1013.26,7.8,10,4,56.5,0.22,3
574,2019,9,16,0,16:00:00,84.61,84.61,0.36,1013.03,8.46,10,4,54.59,0.23,3
575,2019,9,16,0,17:00:00,84.29,84.29,0.35,1012.53,8.75,10,4,53.49,0.25,3
576,2019,9,16,0,18:00:00,83.16,83.16,0.35,1011.99,8.72,10,4,52.63,0.26,3
577,2019,9,16,0,19:00:00,81.92,81.92,0.37,1011.66,8.3,10,4,52.96,0.26,3
578,2019,9,16,0,20:00:00,80.23,80.23,0.41,1011.71,7.32,10,4,54.68,0.23,3
579,2019,9,16,0,21:00:00,77,77,0.5,1012.17,6,10,5,57.02,0.18,3
580,2019,9,16,0,22:00:00,74.1,74.1,0.59,1012.54,4.88,10,5,58.82,0.14,3
581,2019,9,16,0,23:00:00,72.1,72.1,0.65,1012.76,4.15,10,5,59.8,0.13,3